id,acc_path,hr_path
75,/PatientID_75/ACC_75.csv,/PatientID_75/HR_75.csv
81,/PatientID_81/ACC_81.csv,/PatientID_81/HR_81.csv
158,/PatientID_158/ACC_158.csv,/PatientID_158/HR_158.csv
72,/PatientID_72/ACC_72.csv,/PatientID_72/HR_72.csv
151,/PatientID_151/ACC_151.csv,/PatientID_151/HR_151.csv
44,/PatientID_44/ACC_44.csv,/PatientID_44/HR_44.csv
156,/PatientID_156/ACC_156.csv,/PatientID_156/HR_156.csv
88,/PatientID_88/ACC_88.csv,/PatientID_88/HR_88.csv
43,/PatientID_43/ACC_43.csv,/PatientID_43/HR_43.csv
28,/PatientID_28/ACC_28.csv,/PatientID_28/HR_28.csv
102,/PatientID_102/ACC_102.csv,/PatientID_102/HR_102.csv
566,/PatientID_566/ACC_566.csv,/PatientID_566/HR_566.csv
105,/PatientID_105/ACC_105.csv,/PatientID_105/HR_105.csv
26,/PatientID_26/ACC_26.csv,/PatientID_26/HR_26.csv
21,/PatientID_21/ACC_21.csv,/PatientID_21/HR_21.csv
134,/PatientID_134/ACC_134.csv,/PatientID_134/HR_134.csv
89,/PatientID_89/ACC_89.csv,/PatientID_89/HR_89.csv
42,/PatientID_42/ACC_42.csv,/PatientID_42/HR_42.csv
150,/PatientID_150/ACC_150.csv,/PatientID_150/HR_150.csv
45,/PatientID_45/ACC_45.csv,/PatientID_45/HR_45.csv
87,/PatientID_87/ACC_87.csv,/PatientID_87/HR_87.csv
80,/PatientID_80/ACC_80.csv,/PatientID_80/HR_80.csv
74,/PatientID_74/ACC_74.csv,/PatientID_74/HR_74.csv
909,/PatientID_909/ACC_909.csv,/PatientID_909/HR_909.csv
135,/PatientID_135/ACC_135.csv,/PatientID_135/HR_135.csv
27,/PatientID_27/ACC_27.csv,/PatientID_27/HR_27.csv
104,/PatientID_104/ACC_104.csv,/PatientID_104/HR_104.csv
29,/PatientID_29/ACC_29.csv,/PatientID_29/HR_29.csv
103,/PatientID_103/ACC_103.csv,/PatientID_103/HR_103.csv
693,/PatientID_693/ACC_693.csv,/PatientID_693/HR_693.csv
121,/PatientID_121/ACC_121.csv,/PatientID_121/HR_121.csv
34,/PatientID_34/ACC_34.csv,/PatientID_34/HR_34.csv
784,/PatientID_784/ACC_784.csv,/PatientID_784/HR_784.csv
33,/PatientID_33/ACC_33.csv,/PatientID_33/HR_33.csv
110,/PatientID_110/ACC_110.csv,/PatientID_110/HR_110.csv
128,/PatientID_128/ACC_128.csv,/PatientID_128/HR_128.csv
56,/PatientID_56/ACC_56.csv,/PatientID_56/HR_56.csv
143,/PatientID_143/ACC_143.csv,/PatientID_143/HR_143.csv
51,/PatientID_51/ACC_51.csv,/PatientID_51/HR_51.csv
93,/PatientID_93/ACC_93.csv,/PatientID_93/HR_93.csv
58,/PatientID_58/ACC_58.csv,/PatientID_58/HR_58.csv
186,/PatientID_186/ACC_186.csv,/PatientID_186/HR_186.csv
129,/PatientID_129/ACC_129.csv,/PatientID_129/HR_129.csv
111,/PatientID_111/ACC_111.csv,/PatientID_111/HR_111.csv
127,/PatientID_127/ACC_127.csv,/PatientID_127/HR_127.csv
118,/PatientID_118/ACC_118.csv,/PatientID_118/HR_118.csv
120,/PatientID_120/ACC_120.csv,/PatientID_120/HR_120.csv
35,/PatientID_35/ACC_35.csv,/PatientID_35/HR_35.csv
95,/PatientID_95/ACC_95.csv,/PatientID_95/HR_95.csv
66,/PatientID_66/ACC_66.csv,/PatientID_66/HR_66.csv
341,/PatientID_341/ACC_341.csv,/PatientID_341/HR_341.csv
59,/PatientID_59/ACC_59.csv,/PatientID_59/HR_59.csv
50,/PatientID_50/ACC_50.csv,/PatientID_50/HR_50.csv
145,/PatientID_145/ACC_145.csv,/PatientID_145/HR_145.csv
941,/PatientID_941/ACC_941.csv,/PatientID_941/HR_941.csv
57,/PatientID_57/ACC_57.csv,/PatientID_57/HR_57.csv
68,/PatientID_68/ACC_68.csv,/PatientID_68/HR_68.csv
142,/PatientID_142/ACC_142.csv,/PatientID_142/HR_142.csv
106,/PatientID_106/ACC_106.csv,/PatientID_106/HR_106.csv
22,/PatientID_22/ACC_22.csv,/PatientID_22/HR_22.csv
108,/PatientID_108/ACC_108.csv,/PatientID_108/HR_108.csv
25,/PatientID_25/ACC_25.csv,/PatientID_25/HR_25.csv
130,/PatientID_130/ACC_130.csv,/PatientID_130/HR_130.csv
85,/PatientID_85/ACC_85.csv,/PatientID_85/HR_85.csv
71,/PatientID_71/ACC_71.csv,/PatientID_71/HR_71.csv
49,/PatientID_49/ACC_49.csv,/PatientID_49/HR_49.csv
82,/PatientID_82/ACC_82.csv,/PatientID_82/HR_82.csv
40,/PatientID_40/ACC_40.csv,/PatientID_40/HR_40.csv
152,/PatientID_152/ACC_152.csv,/PatientID_152/HR_152.csv
78,/PatientID_78/ACC_78.csv,/PatientID_78/HR_78.csv
24,/PatientID_24/ACC_24.csv,/PatientID_24/HR_24.csv
131,/PatientID_131/ACC_131.csv,/PatientID_131/HR_131.csv
23,/PatientID_23/ACC_23.csv,/PatientID_23/HR_23.csv
109,/PatientID_109/ACC_109.csv,/PatientID_109/HR_109.csv
136,/PatientID_136/ACC_136.csv,/PatientID_136/HR_136.csv
100,/PatientID_100/ACC_100.csv,/PatientID_100/HR_100.csv
107,/PatientID_107/ACC_107.csv,/PatientID_107/HR_107.csv
46,/PatientID_46/ACC_46.csv,/PatientID_46/HR_46.csv
83,/PatientID_83/ACC_83.csv,/PatientID_83/HR_83.csv
84,/PatientID_84/ACC_84.csv,/PatientID_84/HR_84.csv
443,/PatientID_443/ACC_443.csv,/PatientID_443/HR_443.csv
419,/PatientID_419/ACC_419.csv,/PatientID_419/HR_419.csv
457,/PatientID_457/ACC_457.csv,/PatientID_457/HR_457.csv
800,/PatientID_800/ACC_800.csv,/PatientID_800/HR_800.csv
236,/PatientID_236/ACC_236.csv,/PatientID_236/HR_236.csv
807,/PatientID_807/ACC_807.csv,/PatientID_807/HR_807.csv
52,/PatientID_52/ACC_52.csv,/PatientID_52/HR_52.csv
55,/PatientID_55/ACC_55.csv,/PatientID_55/HR_55.csv
140,/PatientID_140/ACC_140.csv,/PatientID_140/HR_140.csv
97,/PatientID_97/ACC_97.csv,/PatientID_97/HR_97.csv
63,/PatientID_63/ACC_63.csv,/PatientID_63/HR_63.csv
149,/PatientID_149/ACC_149.csv,/PatientID_149/HR_149.csv
64,/PatientID_64/ACC_64.csv,/PatientID_64/HR_64.csv
90,/PatientID_90/ACC_90.csv,/PatientID_90/HR_90.csv
727,/PatientID_727/ACC_727.csv,/PatientID_727/HR_727.csv
125,/PatientID_125/ACC_125.csv,/PatientID_125/HR_125.csv
30,/PatientID_30/ACC_30.csv,/PatientID_30/HR_30.csv
310,/PatientID_310/ACC_310.csv,/PatientID_310/HR_310.csv
37,/PatientID_37/ACC_37.csv,/PatientID_37/HR_37.csv
584,/PatientID_584/ACC_584.csv,/PatientID_584/HR_584.csv
114,/PatientID_114/ACC_114.csv,/PatientID_114/HR_114.csv
113,/PatientID_113/ACC_113.csv,/PatientID_113/HR_113.csv
91,/PatientID_91/ACC_91.csv,/PatientID_91/HR_91.csv
148,/PatientID_148/ACC_148.csv,/PatientID_148/HR_148.csv
96,/PatientID_96/ACC_96.csv,/PatientID_96/HR_96.csv
54,/PatientID_54/ACC_54.csv,/PatientID_54/HR_54.csv
53,/PatientID_53/ACC_53.csv,/PatientID_53/HR_53.csv
98,/PatientID_98/ACC_98.csv,/PatientID_98/HR_98.csv
146,/PatientID_146/ACC_146.csv,/PatientID_146/HR_146.csv
38,/PatientID_38/ACC_38.csv,/PatientID_38/HR_38.csv
115,/PatientID_115/ACC_115.csv,/PatientID_115/HR_115.csv
36,/PatientID_36/ACC_36.csv,/PatientID_36/HR_36.csv
918,/PatientID_918/ACC_918.csv,/PatientID_918/HR_918.csv
31,/PatientID_31/ACC_31.csv,/PatientID_31/HR_31.csv
139,,/PatientID_139/HR_139.csv
137,,/PatientID_137/HR_137.csv
